county,date,ML,Low_90,High_90,Low_50,High_50,state,fips,cases
Bergen,2020-03-04,4.0,1.58,8.290000000000001,2.83,5.57,New Jersey,34003.0,1
Bergen,2020-03-05,3.75,1.54,7.3100000000000005,2.8000000000000003,5.19,New Jersey,34003.0,2
Bergen,2020-03-06,3.56,1.49,6.71,2.65,4.82,New Jersey,34003.0,3
Bergen,2020-03-07,3.41,1.42,6.2700000000000005,2.5300000000000002,4.55,New Jersey,34003.0,3
Bergen,2020-03-08,3.29,1.42,6.01,2.45,4.36,New Jersey,34003.0,4
Bergen,2020-03-09,3.47,1.54,6.12,2.7,4.62,New Jersey,34003.0,5
Bergen,2020-03-10,3.25,1.43,5.63,2.5300000000000002,4.29,New Jersey,34003.0,7
Bergen,2020-03-11,3.31,1.51,5.5600000000000005,2.52,4.21,New Jersey,34003.0,11
Bergen,2020-03-12,3.2800000000000002,1.56,5.37,2.58,4.17,New Jersey,34003.0,13
Bergen,2020-03-13,3.5500000000000003,1.86,5.5,2.91,4.43,New Jersey,34003.0,17
Bergen,2020-03-14,3.54,1.97,5.25,2.91,4.2700000000000005,New Jersey,34003.0,31
Bergen,2020-03-15,3.73,2.32,5.25,3.19,4.4,New Jersey,34003.0,32
Bergen,2020-03-16,4.3500000000000005,3.14,5.63,3.86,4.88,New Jersey,34003.0,61
Bergen,2020-03-17,4.13,3.11,5.13,3.74,4.57,New Jersey,34003.0,84
Bergen,2020-03-18,3.58,2.74,4.44,3.27,3.97,New Jersey,34003.0,133
Bergen,2020-03-19,3.17,2.42,3.9,2.9,3.5100000000000002,New Jersey,34003.0,297
Bergen,2020-03-20,2.79,2.15,3.49,2.5500000000000003,3.1,New Jersey,34003.0,342
Bergen,2020-03-21,2.47,1.86,3.09,2.2600000000000002,2.77,New Jersey,34003.0,362
Bergen,2020-03-22,2.29,1.73,2.89,2.1,2.58,New Jersey,34003.0,457
Bergen,2020-03-23,2.41,1.8800000000000001,2.97,2.22,2.67,New Jersey,34003.0,609
Bergen,2020-03-24,2.6,2.1,3.11,2.43,2.85,New Jersey,34003.0,701
Bergen,2020-03-25,2.69,2.25,3.18,2.52,2.9,New Jersey,34003.0,819
Bergen,2020-03-26,2.61,2.2,3.0500000000000003,2.46,2.81,New Jersey,34003.0,1206
Bergen,2020-03-27,2.37,1.98,2.77,2.24,2.57,New Jersey,34003.0,1505
Bergen,2020-03-28,2.15,1.79,2.54,2.02,2.33,New Jersey,34003.0,1838
Bergen,2020-03-29,2.0100000000000002,1.6500000000000001,2.37,1.8900000000000001,2.19,New Jersey,34003.0,2169
Bergen,2020-03-30,1.9000000000000001,1.56,2.2600000000000002,1.78,2.07,New Jersey,34003.0,2482
Bergen,2020-03-31,1.97,1.6400000000000001,2.31,1.86,2.14,New Jersey,34003.0,2909
Bergen,2020-04-01,2.07,1.76,2.4,1.98,2.25,New Jersey,34003.0,3494
Bergen,2020-04-02,1.94,1.6400000000000001,2.25,1.82,2.07,New Jersey,34003.0,4099
Bergen,2020-04-03,1.76,1.47,2.06,1.6300000000000001,1.87,New Jersey,34003.0,4866
Bergen,2020-04-04,1.5,1.22,1.8,1.4000000000000001,1.6400000000000001,New Jersey,34003.0,5760
Bergen,2020-04-05,1.1500000000000001,0.87,1.45,1.05,1.29,New Jersey,34003.0,6187
Bergen,2020-04-06,0.9,0.62,1.21,0.78,1.02,New Jersey,34003.0,6862
Bergen,2020-04-07,0.73,0.44,1.04,0.63,0.88,New Jersey,34003.0,7533
Bergen,2020-04-08,0.62,0.33,0.9500000000000001,0.53,0.79,New Jersey,34003.0,7874
Bergen,2020-04-09,0.68,0.37,1.0,0.56,0.8200000000000001,New Jersey,34003.0,8343
Bergen,2020-04-10,0.62,0.3,0.9400000000000001,0.52,0.79,New Jersey,34003.0,8928
Bergen,2020-04-11,0.58,0.27,0.93,0.46,0.73,New Jersey,34003.0,9362
Bergen,2020-04-12,0.61,0.29,0.96,0.51,0.79,New Jersey,34003.0,9784
Bergen,2020-04-13,0.67,0.34,1.02,0.55,0.8300000000000001,New Jersey,34003.0,10092
Bergen,2020-04-14,0.76,0.41000000000000003,1.09,0.63,0.91,New Jersey,34003.0,10426
Bergen,2020-04-15,0.9400000000000001,0.6,1.28,0.81,1.09,New Jersey,34003.0,10848
Bergen,2020-04-16,1.1,0.79,1.47,0.99,1.27,New Jersey,34003.0,11409
Essex,2020-03-12,4.0,1.58,8.290000000000001,2.83,5.57,New Jersey,34013.0,1
Essex,2020-03-13,3.7600000000000002,1.62,6.72,2.86,5.0,New Jersey,34013.0,6
Essex,2020-03-14,3.5,1.6500000000000001,5.92,2.67,4.46,New Jersey,34013.0,7
Essex,2020-03-15,3.27,1.6,5.32,2.59,4.15,New Jersey,34013.0,11
Essex,2020-03-16,3.22,1.68,5.0600000000000005,2.59,4.0,New Jersey,34013.0,20
Essex,2020-03-17,3.09,1.67,4.71,2.56,3.83,New Jersey,34013.0,32
Essex,2020-03-18,3.15,1.83,4.61,2.62,3.77,New Jersey,34013.0,45
Essex,2020-03-19,3.15,1.96,4.46,2.67,3.7,New Jersey,34013.0,63
Essex,2020-03-20,3.42,2.35,4.57,2.97,3.88,New Jersey,34013.0,73
Essex,2020-03-21,3.45,2.49,4.4,3.12,3.91,New Jersey,34013.0,107
Essex,2020-03-22,3.2,2.38,4.04,2.85,3.5300000000000002,New Jersey,34013.0,172
Essex,2020-03-23,3.2,2.49,3.95,2.94,3.54,New Jersey,34013.0,273
Essex,2020-03-24,3.13,2.49,3.77,2.91,3.44,New Jersey,34013.0,342
Essex,2020-03-25,3.08,2.5300000000000002,3.67,2.89,3.36,New Jersey,34013.0,381
Essex,2020-03-26,2.85,2.34,3.36,2.66,3.08,New Jersey,34013.0,609
Essex,2020-03-27,2.69,2.25,3.19,2.54,2.93,New Jersey,34013.0,826
Essex,2020-03-28,2.5,2.08,2.95,2.36,2.72,New Jersey,34013.0,1086
Essex,2020-03-29,2.32,1.93,2.75,2.19,2.5300000000000002,New Jersey,34013.0,1227
Essex,2020-03-30,2.11,1.74,2.52,1.97,2.29,New Jersey,34013.0,1564
Essex,2020-03-31,2.02,1.6600000000000001,2.41,1.8900000000000001,2.2,New Jersey,34013.0,1900
Essex,2020-04-01,1.93,1.58,2.3000000000000003,1.82,2.12,New Jersey,34013.0,2262
Essex,2020-04-02,1.8800000000000001,1.55,2.25,1.77,2.06,New Jersey,34013.0,2617
Essex,2020-04-03,1.72,1.4000000000000001,2.08,1.61,1.8900000000000001,New Jersey,34013.0,3067
Essex,2020-04-04,1.6300000000000001,1.31,1.97,1.5,1.77,New Jersey,34013.0,3584
Essex,2020-04-05,1.52,1.21,1.86,1.41,1.68,New Jersey,34013.0,4082
Essex,2020-04-06,1.4000000000000001,1.09,1.73,1.3,1.57,New Jersey,34013.0,4493
Essex,2020-04-07,1.28,0.98,1.62,1.16,1.42,New Jersey,34013.0,5078
Essex,2020-04-08,1.16,0.84,1.47,1.04,1.3,New Jersey,34013.0,5598
Essex,2020-04-09,1.03,0.73,1.37,0.91,1.17,New Jersey,34013.0,6069
Essex,2020-04-10,0.87,0.55,1.19,0.77,1.04,New Jersey,34013.0,6580
Essex,2020-04-11,0.78,0.45,1.1,0.67,0.9400000000000001,New Jersey,34013.0,7007
Essex,2020-04-12,0.73,0.42,1.09,0.63,0.91,New Jersey,34013.0,7410
Essex,2020-04-13,0.81,0.47000000000000003,1.1400000000000001,0.7000000000000001,0.98,New Jersey,34013.0,7634
Essex,2020-04-14,0.91,0.59,1.27,0.79,1.07,New Jersey,34013.0,8212
Essex,2020-04-15,1.02,0.68,1.35,0.91,1.19,New Jersey,34013.0,8579
Essex,2020-04-16,1.1,0.78,1.45,1.0,1.28,New Jersey,34013.0,9084
Hudson,2020-03-09,,,,,,New Jersey,34017.0,1
Hudson,2020-03-10,,,,,,New Jersey,34017.0,1
Hudson,2020-03-11,4.0,1.58,8.290000000000001,2.83,5.57,New Jersey,34017.0,1
Hudson,2020-03-12,3.75,1.54,7.3100000000000005,2.8000000000000003,5.19,New Jersey,34017.0,1
Hudson,2020-03-13,3.98,1.7,7.3,2.98,5.32,New Jersey,34017.0,3
Hudson,2020-03-14,3.96,1.82,6.86,3.08,5.2,New Jersey,34017.0,5
Hudson,2020-03-15,4.09,2.0,6.58,3.29,5.22,New Jersey,34017.0,10
Hudson,2020-03-16,3.91,2.02,5.99,3.14,4.8,New Jersey,34017.0,19
Hudson,2020-03-17,3.64,2.0,5.45,3.02,4.46,New Jersey,34017.0,24
Hudson,2020-03-18,3.5,2.0,5.05,2.95,4.22,New Jersey,34017.0,34
Hudson,2020-03-19,3.38,2.07,4.78,2.88,4.0,New Jersey,34017.0,55
Hudson,2020-03-20,3.34,2.15,4.55,2.89,3.88,New Jersey,34017.0,66
Hudson,2020-03-21,3.24,2.19,4.3100000000000005,2.88,3.7600000000000002,New Jersey,34017.0,97
Hudson,2020-03-22,3.0100000000000002,2.1,3.99,2.68,3.46,New Jersey,34017.0,126
Hudson,2020-03-23,3.1,2.29,3.98,2.7600000000000002,3.45,New Jersey,34017.0,190
Hudson,2020-03-24,3.12,2.38,3.87,2.88,3.5,New Jersey,34017.0,234
Hudson,2020-03-25,3.13,2.48,3.8000000000000003,2.86,3.4,New Jersey,34017.0,260
Hudson,2020-03-26,3.09,2.52,3.69,2.87,3.35,New Jersey,34017.0,441
Hudson,2020-03-27,3.0100000000000002,2.49,3.5300000000000002,2.83,3.2600000000000002,New Jersey,34017.0,594
Hudson,2020-03-28,2.86,2.39,3.33,2.7,3.09,New Jersey,34017.0,771
Hudson,2020-03-29,2.64,2.23,3.1,2.5100000000000002,2.87,New Jersey,34017.0,974
Hudson,2020-03-30,2.39,2.0,2.81,2.27,2.61,New Jersey,34017.0,1314
Hudson,2020-03-31,2.2800000000000002,1.92,2.69,2.16,2.48,New Jersey,34017.0,1606
Hudson,2020-04-01,2.24,1.9000000000000001,2.63,2.12,2.42,New Jersey,34017.0,1910
Hudson,2020-04-02,2.13,1.79,2.48,2.02,2.31,New Jersey,34017.0,2270
Hudson,2020-04-03,1.96,1.6300000000000001,2.29,1.86,2.14,New Jersey,34017.0,2835
Hudson,2020-04-04,1.78,1.46,2.1,1.68,1.95,New Jersey,34017.0,3491
Hudson,2020-04-05,1.55,1.24,1.87,1.44,1.7,New Jersey,34017.0,3924
Hudson,2020-04-06,1.31,1.02,1.6500000000000001,1.21,1.47,New Jersey,34017.0,4395
Hudson,2020-04-07,1.1400000000000001,0.84,1.47,1.03,1.29,New Jersey,34017.0,4949
Hudson,2020-04-08,1.02,0.72,1.36,0.9,1.16,New Jersey,34017.0,5437
Hudson,2020-04-09,1.06,0.76,1.4000000000000001,0.93,1.19,New Jersey,34017.0,5879
Hudson,2020-04-10,1.03,0.73,1.37,0.9,1.16,New Jersey,34017.0,6411
Hudson,2020-04-11,0.97,0.66,1.3,0.87,1.1400000000000001,New Jersey,34017.0,6851
Hudson,2020-04-12,0.85,0.55,1.2,0.76,1.03,New Jersey,34017.0,7469
Hudson,2020-04-13,0.85,0.53,1.18,0.74,1.01,New Jersey,34017.0,7879
Hudson,2020-04-14,0.81,0.5,1.16,0.6900000000000001,0.96,New Jersey,34017.0,8242
Hudson,2020-04-15,0.88,0.55,1.21,0.79,1.07,New Jersey,34017.0,8511
Hudson,2020-04-16,0.9500000000000001,0.64,1.31,0.86,1.1400000000000001,New Jersey,34017.0,9165
Hunterdon,2020-03-16,4.0,1.58,8.290000000000001,2.83,5.57,New Jersey,34019.0,1
Hunterdon,2020-03-17,3.56,1.52,6.72,2.62,4.78,New Jersey,34019.0,4
Hunterdon,2020-03-18,3.2800000000000002,1.44,5.98,2.52,4.42,New Jersey,34019.0,6
Hunterdon,2020-03-19,3.09,1.35,5.49,2.34,4.07,New Jersey,34019.0,8
Hunterdon,2020-03-20,2.94,1.3,5.17,2.2800000000000002,3.9,New Jersey,34019.0,11
Hunterdon,2020-03-21,3.02,1.36,5.14,2.33,3.91,New Jersey,34019.0,14
Hunterdon,2020-03-22,2.84,1.28,4.8,2.21,3.68,New Jersey,34019.0,16
Hunterdon,2020-03-23,2.86,1.34,4.74,2.27,3.69,New Jersey,34019.0,18
Hunterdon,2020-03-24,2.83,1.3,4.53,2.2600000000000002,3.61,New Jersey,34019.0,25
Hunterdon,2020-03-25,2.9,1.45,4.54,2.37,3.66,New Jersey,34019.0,25
Hunterdon,2020-03-26,2.7600000000000002,1.37,4.24,2.22,3.41,New Jersey,34019.0,39
Hunterdon,2020-03-27,2.63,1.36,4.05,2.1,3.21,New Jersey,34019.0,52
Hunterdon,2020-03-28,2.52,1.3,3.83,2.08,3.13,New Jersey,34019.0,61
Hunterdon,2020-03-29,2.48,1.33,3.73,2.04,3.0300000000000002,New Jersey,34019.0,66
Hunterdon,2020-03-30,2.36,1.27,3.54,1.98,2.92,New Jersey,34019.0,79
Hunterdon,2020-03-31,2.25,1.22,3.38,1.87,2.7600000000000002,New Jersey,34019.0,97
Hunterdon,2020-04-01,2.21,1.2,3.2600000000000002,1.84,2.69,New Jersey,34019.0,117
Hunterdon,2020-04-02,2.16,1.19,3.16,1.79,2.6,New Jersey,34019.0,130
Hunterdon,2020-04-03,2.05,1.1400000000000001,3.0300000000000002,1.73,2.5100000000000002,New Jersey,34019.0,148
Hunterdon,2020-04-04,1.92,1.03,2.85,1.6,2.35,New Jersey,34019.0,171
Hunterdon,2020-04-05,1.85,1.0,2.77,1.55,2.2800000000000002,New Jersey,34019.0,189
Hunterdon,2020-04-06,1.83,0.99,2.71,1.53,2.24,New Jersey,34019.0,211
Hunterdon,2020-04-07,1.72,0.88,2.5500000000000003,1.43,2.12,New Jersey,34019.0,234
Hunterdon,2020-04-08,1.57,0.78,2.43,1.29,1.97,New Jersey,34019.0,255
Hunterdon,2020-04-09,1.47,0.68,2.31,1.19,1.86,New Jersey,34019.0,286
Hunterdon,2020-04-10,1.33,0.53,2.15,1.05,1.72,New Jersey,34019.0,293
Hunterdon,2020-04-11,1.23,0.42,2.04,0.9400000000000001,1.61,New Jersey,34019.0,301
Hunterdon,2020-04-12,1.18,0.37,2.0,0.9,1.58,New Jersey,34019.0,314
Hunterdon,2020-04-13,1.16,0.35000000000000003,1.99,0.85,1.53,New Jersey,34019.0,325
Hunterdon,2020-04-14,1.19,0.38,2.04,0.9,1.59,New Jersey,34019.0,349
Hunterdon,2020-04-15,1.21,0.4,2.07,0.91,1.6,New Jersey,34019.0,356
Hunterdon,2020-04-16,1.19,0.34,2.0,0.88,1.57,New Jersey,34019.0,373
Middlesex,2020-03-11,4.0,1.58,8.290000000000001,2.83,5.57,New Jersey,34023.0,2
Middlesex,2020-03-12,4.25,1.81,8.120000000000001,3.18,5.8100000000000005,New Jersey,34023.0,2
Middlesex,2020-03-13,3.7600000000000002,1.6,6.72,2.89,5.04,New Jersey,34023.0,4
Middlesex,2020-03-14,3.7800000000000002,1.7,6.43,2.94,4.93,New Jersey,34023.0,8
Middlesex,2020-03-15,3.65,1.77,6.04,2.87,4.66,New Jersey,34023.0,9
Middlesex,2020-03-16,3.92,2.07,6.05,3.22,4.89,New Jersey,34023.0,15
Middlesex,2020-03-17,3.81,2.14,5.62,3.17,4.62,New Jersey,34023.0,20
Middlesex,2020-03-18,3.8200000000000003,2.34,5.38,3.2600000000000002,4.5200000000000005,New Jersey,34023.0,40
Middlesex,2020-03-19,3.6,2.33,4.95,3.11,4.19,New Jersey,34023.0,64
Middlesex,2020-03-20,3.39,2.29,4.57,2.99,3.93,New Jersey,34023.0,76
Middlesex,2020-03-21,3.25,2.2800000000000002,4.28,2.86,3.68,New Jersey,34023.0,116
Middlesex,2020-03-22,3.0100000000000002,2.12,3.89,2.69,3.42,New Jersey,34023.0,147
Middlesex,2020-03-23,3.09,2.3000000000000003,3.88,2.79,3.44,New Jersey,34023.0,210
Middlesex,2020-03-24,3.04,2.36,3.77,2.79,3.37,New Jersey,34023.0,277
Middlesex,2020-03-25,2.97,2.36,3.62,2.7600000000000002,3.2800000000000002,New Jersey,34023.0,316
Middlesex,2020-03-26,2.79,2.25,3.39,2.6,3.0700000000000003,New Jersey,34023.0,505
Middlesex,2020-03-27,2.57,2.05,3.09,2.39,2.82,New Jersey,34023.0,640
Middlesex,2020-03-28,2.29,1.82,2.8000000000000003,2.1,2.5,New Jersey,34023.0,808
Middlesex,2020-03-29,2.1,1.6300000000000001,2.56,1.95,2.34,New Jersey,34023.0,938
Middlesex,2020-03-30,1.92,1.49,2.39,1.76,2.13,New Jersey,34023.0,1123
Middlesex,2020-03-31,1.95,1.52,2.39,1.8,2.16,New Jersey,34023.0,1277
Middlesex,2020-04-01,2.05,1.6500000000000001,2.49,1.92,2.27,New Jersey,34023.0,1493
Middlesex,2020-04-02,2.12,1.72,2.5100000000000002,1.99,2.32,New Jersey,34023.0,1766
Middlesex,2020-04-03,2.04,1.68,2.44,1.9000000000000001,2.21,New Jersey,34023.0,2125
Middlesex,2020-04-04,1.92,1.56,2.2800000000000002,1.8,2.1,New Jersey,34023.0,2578
Middlesex,2020-04-05,1.74,1.4000000000000001,2.1,1.62,1.9100000000000001,New Jersey,34023.0,2950
Middlesex,2020-04-06,1.58,1.26,1.95,1.44,1.72,New Jersey,34023.0,3263
Middlesex,2020-04-07,1.46,1.1400000000000001,1.82,1.34,1.62,New Jersey,34023.0,3717
Middlesex,2020-04-08,1.32,1.0,1.67,1.22,1.5,New Jersey,34023.0,4156
Middlesex,2020-04-09,1.18,0.86,1.53,1.08,1.36,New Jersey,34023.0,4628
Middlesex,2020-04-10,1.01,0.68,1.35,0.9,1.18,New Jersey,34023.0,5060
Middlesex,2020-04-11,0.8200000000000001,0.48,1.16,0.6900000000000001,0.97,New Jersey,34023.0,5406
Middlesex,2020-04-12,0.68,0.35000000000000003,1.05,0.5700000000000001,0.86,New Jersey,34023.0,5693
Middlesex,2020-04-13,0.68,0.34,1.06,0.5700000000000001,0.87,New Jersey,34023.0,5987
Middlesex,2020-04-14,0.74,0.4,1.1300000000000001,0.62,0.92,New Jersey,34023.0,6313
Middlesex,2020-04-15,0.87,0.52,1.25,0.74,1.04,New Jersey,34023.0,6576
Middlesex,2020-04-16,1.0,0.65,1.3800000000000001,0.87,1.17,New Jersey,34023.0,6994
Monmouth,2020-03-09,4.0,1.58,8.290000000000001,2.83,5.57,New Jersey,34025.0,2
Monmouth,2020-03-10,3.75,1.54,7.3100000000000005,2.8000000000000003,5.19,New Jersey,34025.0,2
Monmouth,2020-03-11,3.56,1.49,6.71,2.65,4.82,New Jersey,34025.0,4
Monmouth,2020-03-12,3.41,1.42,6.2700000000000005,2.5300000000000002,4.55,New Jersey,34025.0,5
Monmouth,2020-03-13,3.61,1.57,6.390000000000001,2.7600000000000002,4.78,New Jersey,34025.0,7
Monmouth,2020-03-14,3.35,1.5,5.86,2.52,4.34,New Jersey,34025.0,8
Monmouth,2020-03-15,3.41,1.58,5.76,2.66,4.41,New Jersey,34025.0,11
Monmouth,2020-03-16,3.58,1.74,5.72,2.88,4.55,New Jersey,34025.0,14
Monmouth,2020-03-17,3.54,1.83,5.45,2.87,4.38,New Jersey,34025.0,22
Monmouth,2020-03-18,3.5300000000000002,1.97,5.24,2.94,4.3,New Jersey,34025.0,32
Monmouth,2020-03-19,3.84,2.41,5.33,3.3200000000000003,4.53,New Jersey,34025.0,43
Monmouth,2020-03-20,4.05,2.82,5.3,3.5700000000000003,4.59,New Jersey,34025.0,53
Monmouth,2020-03-21,3.8000000000000003,2.8000000000000003,4.88,3.46,4.32,New Jersey,34025.0,92
Monmouth,2020-03-22,3.34,2.47,4.25,3.0,3.73,New Jersey,34025.0,158
Monmouth,2020-03-23,3.23,2.46,4.0200000000000005,2.93,3.5700000000000003,New Jersey,34025.0,238
Monmouth,2020-03-24,3.0,2.33,3.72,2.75,3.3200000000000003,New Jersey,34025.0,288
Monmouth,2020-03-25,2.85,2.25,3.5,2.6,3.11,New Jersey,34025.0,313
Monmouth,2020-03-26,2.61,2.04,3.18,2.4,2.87,New Jersey,34025.0,501
Monmouth,2020-03-27,2.4,1.87,2.93,2.22,2.66,New Jersey,34025.0,634
Monmouth,2020-03-28,2.14,1.6500000000000001,2.66,1.98,2.4,New Jersey,34025.0,781
Monmouth,2020-03-29,1.92,1.44,2.41,1.75,2.15,New Jersey,34025.0,870
Monmouth,2020-03-30,1.69,1.22,2.17,1.51,1.9000000000000001,New Jersey,34025.0,1030
Monmouth,2020-03-31,1.7,1.26,2.2,1.56,1.95,New Jersey,34025.0,1140
Monmouth,2020-04-01,1.8,1.36,2.27,1.6600000000000001,2.04,New Jersey,34025.0,1301
Monmouth,2020-04-02,1.93,1.52,2.4,1.78,2.14,New Jersey,34025.0,1458
Monmouth,2020-04-03,1.9000000000000001,1.5,2.34,1.77,2.12,New Jersey,34025.0,1743
Monmouth,2020-04-04,1.79,1.41,2.22,1.6300000000000001,1.96,New Jersey,34025.0,2065
Monmouth,2020-04-05,1.59,1.22,2.0100000000000002,1.47,1.8,New Jersey,34025.0,2354
Monmouth,2020-04-06,1.36,0.99,1.77,1.23,1.55,New Jersey,34025.0,2545
Monmouth,2020-04-07,1.19,0.81,1.59,1.05,1.37,New Jersey,34025.0,2770
Monmouth,2020-04-08,1.04,0.67,1.46,0.92,1.25,New Jersey,34025.0,3038
Monmouth,2020-04-09,0.91,0.53,1.33,0.78,1.11,New Jersey,34025.0,3248
Monmouth,2020-04-10,0.78,0.39,1.2,0.66,1.0,New Jersey,34025.0,3496
Monmouth,2020-04-11,0.61,0.21,1.03,0.46,0.8,New Jersey,34025.0,3651
Monmouth,2020-04-12,0.45,0.08,0.87,0.33,0.68,New Jersey,34025.0,3785
Monmouth,2020-04-13,0.42,0.04,0.8200000000000001,0.27,0.62,New Jersey,34025.0,3875
Monmouth,2020-04-14,0.45,0.07,0.89,0.32,0.6900000000000001,New Jersey,34025.0,4003
Monmouth,2020-04-15,0.61,0.17,1.08,0.46,0.85,New Jersey,34025.0,4122
Monmouth,2020-04-16,0.76,0.31,1.26,0.59,0.98,New Jersey,34025.0,4299
Morris,2020-03-12,4.0,1.58,8.290000000000001,2.83,5.57,New Jersey,34027.0,1
Morris,2020-03-13,3.56,1.52,6.72,2.62,4.78,New Jersey,34027.0,3
Morris,2020-03-14,3.6,1.61,6.390000000000001,2.69,4.69,New Jersey,34027.0,5
Morris,2020-03-15,3.24,1.5,5.64,2.46,4.19,New Jersey,34027.0,6
Morris,2020-03-16,3.22,1.54,5.41,2.52,4.14,New Jersey,34027.0,8
Morris,2020-03-17,3.13,1.5,5.07,2.42,3.91,New Jersey,34027.0,19
Morris,2020-03-18,3.17,1.6400000000000001,4.99,2.59,3.99,New Jersey,34027.0,19
Morris,2020-03-19,3.5,1.98,5.11,2.91,4.21,New Jersey,34027.0,26
Morris,2020-03-20,3.9,2.5500000000000003,5.32,3.35,4.49,New Jersey,34027.0,35
Morris,2020-03-21,3.7,2.57,4.91,3.25,4.21,New Jersey,34027.0,64
Morris,2020-03-22,3.3000000000000003,2.32,4.33,2.95,3.7800000000000002,New Jersey,34027.0,119
Morris,2020-03-23,3.0300000000000002,2.15,3.92,2.71,3.44,New Jersey,34027.0,177
Morris,2020-03-24,2.72,1.94,3.54,2.44,3.1,New Jersey,34027.0,204
Morris,2020-03-25,2.49,1.76,3.23,2.25,2.86,New Jersey,34027.0,223
Morris,2020-03-26,2.41,1.73,3.1,2.19,2.7600000000000002,New Jersey,34027.0,315
Morris,2020-03-27,2.42,1.79,3.0700000000000003,2.2,2.73,New Jersey,34027.0,391
Morris,2020-03-28,2.4,1.83,3.0300000000000002,2.18,2.67,New Jersey,34027.0,442
Morris,2020-03-29,2.3000000000000003,1.76,2.88,2.1,2.56,New Jersey,34027.0,566
Morris,2020-03-30,2.13,1.62,2.68,1.96,2.4,New Jersey,34027.0,720
Morris,2020-03-31,2.04,1.54,2.5500000000000003,1.87,2.29,New Jersey,34027.0,841
Morris,2020-04-01,2.07,1.6,2.57,1.9000000000000001,2.3000000000000003,New Jersey,34027.0,942
Morris,2020-04-02,2.02,1.59,2.52,1.86,2.24,New Jersey,34027.0,1082
Morris,2020-04-03,1.94,1.52,2.41,1.8,2.17,New Jersey,34027.0,1298
Morris,2020-04-04,1.87,1.47,2.33,1.71,2.06,New Jersey,34027.0,1618
Morris,2020-04-05,1.71,1.31,2.14,1.55,1.8900000000000001,New Jersey,34027.0,1800
Morris,2020-04-06,1.51,1.1300000000000001,1.95,1.3900000000000001,1.73,New Jersey,34027.0,1956
Morris,2020-04-07,1.29,0.9,1.71,1.17,1.51,New Jersey,34027.0,2239
Morris,2020-04-08,1.08,0.7000000000000001,1.52,0.9500000000000001,1.29,New Jersey,34027.0,2468
Morris,2020-04-09,0.96,0.56,1.3900000000000001,0.8,1.1400000000000001,New Jersey,34027.0,2645
Morris,2020-04-10,0.84,0.42,1.26,0.7000000000000001,1.05,New Jersey,34027.0,2771
Morris,2020-04-11,0.76,0.34,1.2,0.63,0.99,New Jersey,34027.0,2925
Morris,2020-04-12,0.74,0.32,1.2,0.58,0.9400000000000001,New Jersey,34027.0,3099
Morris,2020-04-13,0.8,0.36,1.25,0.65,1.02,New Jersey,34027.0,3225
Morris,2020-04-14,0.85,0.42,1.32,0.7000000000000001,1.07,New Jersey,34027.0,3424
Morris,2020-04-15,0.88,0.43,1.33,0.71,1.08,New Jersey,34027.0,3525
Morris,2020-04-16,0.89,0.47000000000000003,1.3800000000000001,0.72,1.09,New Jersey,34027.0,3701
Nassau,2020-03-05,4.0,1.58,8.290000000000001,2.83,5.57,New York,36059.0,1
Nassau,2020-03-06,3.97,1.71,7.29,2.9,5.23,New York,36059.0,4
Nassau,2020-03-07,3.46,1.55,6.0600000000000005,2.63,4.5200000000000005,New York,36059.0,4
Nassau,2020-03-08,3.4,1.6,5.72,2.66,4.39,New York,36059.0,5
Nassau,2020-03-09,3.27,1.59,5.33,2.61,4.18,New York,36059.0,17
Nassau,2020-03-10,3.2800000000000002,1.67,5.13,2.68,4.13,New York,36059.0,19
Nassau,2020-03-11,3.33,1.81,4.98,2.74,4.0600000000000005,New York,36059.0,28
Nassau,2020-03-12,3.22,1.8800000000000001,4.73,2.7,3.88,New York,36059.0,41
Nassau,2020-03-13,2.97,1.76,4.3100000000000005,2.45,3.5,New York,36059.0,51
Nassau,2020-03-14,2.7600000000000002,1.6500000000000001,3.97,2.35,3.31,New York,36059.0,79
Nassau,2020-03-15,2.65,1.61,3.75,2.23,3.11,New York,36059.0,98
Nassau,2020-03-16,3.15,2.2,4.17,2.8000000000000003,3.61,New York,36059.0,109
Nassau,2020-03-17,4.12,3.31,4.98,3.84,4.53,New York,36059.0,131
Nassau,2020-03-18,4.7,4.07,5.39,4.46,5.0,New York,36059.0,183
Nassau,2020-03-19,4.72,4.22,5.25,4.51,4.93,New York,36059.0,382
Nassau,2020-03-20,4.19,3.77,4.6000000000000005,4.07,4.42,New York,36059.0,754
Nassau,2020-03-21,3.47,3.12,3.84,3.36,3.66,New York,36059.0,1234
Nassau,2020-03-22,2.77,2.45,3.11,2.64,2.91,New York,36059.0,1900
Nassau,2020-03-23,2.19,1.8800000000000001,2.5100000000000002,2.08,2.34,New York,36059.0,2442
Nassau,2020-03-24,1.81,1.51,2.13,1.72,1.98,New York,36059.0,2869
Nassau,2020-03-25,1.67,1.37,1.98,1.55,1.8,New York,36059.0,3285
Nassau,2020-03-26,1.69,1.4000000000000001,2.0,1.6,1.85,New York,36059.0,3914
Nassau,2020-03-27,1.78,1.5,2.08,1.68,1.92,New York,36059.0,4657
Nassau,2020-03-28,1.86,1.59,2.15,1.76,1.99,New York,36059.0,5537
Nassau,2020-03-29,1.78,1.53,2.07,1.68,1.9000000000000001,New York,36059.0,6445
Nassau,2020-03-30,1.6300000000000001,1.3800000000000001,1.9000000000000001,1.56,1.78,New York,36059.0,7344
Nassau,2020-03-31,1.56,1.32,1.83,1.48,1.69,New York,36059.0,8544
Nassau,2020-04-01,1.5,1.26,1.76,1.42,1.6300000000000001,New York,36059.0,9555
Nassau,2020-04-02,1.4000000000000001,1.17,1.6600000000000001,1.31,1.51,New York,36059.0,10587
Nassau,2020-04-03,1.32,1.09,1.57,1.24,1.44,New York,36059.0,12024
Nassau,2020-04-04,1.1400000000000001,0.91,1.3900000000000001,1.07,1.27,New York,36059.0,13346
Nassau,2020-04-05,1.2,0.97,1.45,1.12,1.32,New York,36059.0,14398
Nassau,2020-04-06,1.25,1.02,1.49,1.18,1.3800000000000001,New York,36059.0,15616
Nassau,2020-04-07,1.28,1.07,1.54,1.19,1.3800000000000001,New York,36059.0,16610
Nassau,2020-04-08,1.26,1.04,1.5,1.18,1.37,New York,36059.0,18548
Nassau,2020-04-09,1.12,0.9,1.36,1.04,1.23,New York,36059.0,20140
Nassau,2020-04-10,0.81,0.59,1.05,0.73,0.92,New York,36059.0,21512
Nassau,2020-04-11,0.56,0.34,0.8200000000000001,0.49,0.6900000000000001,New York,36059.0,22584
Nassau,2020-04-12,0.44,0.2,0.6900000000000001,0.34,0.54,New York,36059.0,23553
Nassau,2020-04-13,0.56,0.32,0.8300000000000001,0.47000000000000003,0.68,New York,36059.0,24358
Nassau,2020-04-14,0.8,0.55,1.06,0.71,0.92,New York,36059.0,25250
Nassau,2020-04-15,1.03,0.79,1.3,0.9500000000000001,1.16,New York,36059.0,26715
Nassau,2020-04-16,1.1500000000000001,0.91,1.41,1.07,1.28,New York,36059.0,27772
New York City,2020-03-01,,,,,,New York,,1
New York City,2020-03-02,4.0,1.58,8.290000000000001,2.83,5.57,New York,,1
New York City,2020-03-03,3.75,1.54,7.3100000000000005,2.8000000000000003,5.19,New York,,2
New York City,2020-03-04,3.56,1.49,6.71,2.65,4.82,New York,,2
New York City,2020-03-05,3.77,1.67,6.82,2.8000000000000003,4.95,New York,,4
New York City,2020-03-06,3.79,1.73,6.48,2.86,4.8500000000000005,New York,,5
New York City,2020-03-07,3.66,1.75,6.03,2.92,4.72,New York,,12
New York City,2020-03-08,3.7,1.87,5.79,2.96,4.6000000000000005,New York,,14
New York City,2020-03-09,4.09,2.34,5.92,3.42,4.91,New York,,20
New York City,2020-03-10,4.2,2.72,5.7700000000000005,3.64,4.9,New York,,37
New York City,2020-03-11,4.5,3.27,5.7700000000000005,4.05,5.08,New York,,52
New York City,2020-03-12,4.09,3.09,5.12,3.75,4.59,New York,,96
New York City,2020-03-13,3.83,3.0100000000000002,4.7,3.5500000000000003,4.25,New York,,155
New York City,2020-03-14,3.58,2.86,4.29,3.3200000000000003,3.91,New York,,269
New York City,2020-03-15,3.99,3.4,4.6000000000000005,3.8000000000000003,4.3,New York,,330
New York City,2020-03-16,4.54,4.0600000000000005,5.03,4.37,4.7700000000000005,New York,,464
New York City,2020-03-17,4.99,4.63,5.39,4.84,5.15,New York,,645
New York City,2020-03-18,4.63,4.33,4.93,4.53,4.78,New York,,1339
New York City,2020-03-19,4.21,3.96,4.46,4.13,4.34,New York,,2468
New York City,2020-03-20,3.63,3.43,3.87,3.5500000000000003,3.73,New York,,4408
New York City,2020-03-21,2.96,2.77,3.17,2.9,3.0700000000000003,New York,,6211
New York City,2020-03-22,2.66,2.48,2.85,2.58,2.73,New York,,9045
New York City,2020-03-23,2.19,2.02,2.37,2.14,2.29,New York,,12305
New York City,2020-03-24,1.71,1.55,1.8900000000000001,1.6500000000000001,1.79,New York,,14905
New York City,2020-03-25,1.61,1.45,1.78,1.56,1.7,New York,,20011
New York City,2020-03-26,1.28,1.1300000000000001,1.46,1.23,1.37,New York,,23112
New York City,2020-03-27,1.21,1.05,1.37,1.17,1.31,New York,,25399
New York City,2020-03-28,1.32,1.17,1.49,1.26,1.3900000000000001,New York,,30766
New York City,2020-03-29,1.25,1.09,1.4000000000000001,1.19,1.32,New York,,33768
New York City,2020-03-30,1.35,1.2,1.51,1.3,1.43,New York,,38087
New York City,2020-03-31,1.3900000000000001,1.24,1.54,1.35,1.48,New York,,43139
New York City,2020-04-01,1.31,1.17,1.47,1.25,1.37,New York,,47440
New York City,2020-04-02,1.32,1.18,1.47,1.27,1.3900000000000001,New York,,51810
New York City,2020-04-03,0.9400000000000001,0.79,1.08,0.88,1.0,New York,,57160
New York City,2020-04-04,1.03,0.88,1.17,0.97,1.09,New York,,63307
New York City,2020-04-05,0.98,0.8300000000000001,1.12,0.93,1.05,New York,,67552
New York City,2020-04-06,1.08,0.93,1.22,1.02,1.1400000000000001,New York,,68776
New York City,2020-04-07,1.19,1.05,1.34,1.1400000000000001,1.26,New York,,76876
New York City,2020-04-08,1.27,1.12,1.4000000000000001,1.22,1.34,New York,,81803
New York City,2020-04-09,1.24,1.11,1.3900000000000001,1.2,1.32,New York,,87028
New York City,2020-04-10,1.09,0.96,1.24,1.05,1.17,New York,,92384
New York City,2020-04-11,0.62,0.47000000000000003,0.75,0.5700000000000001,0.6900000000000001,New York,,98308
New York City,2020-04-12,0.88,0.74,1.03,0.8300000000000001,0.9500000000000001,New York,,103208
New York City,2020-04-13,0.93,0.79,1.08,0.88,1.0,New York,,106764
New York City,2020-04-14,1.08,0.9400000000000001,1.23,1.03,1.1500000000000001,New York,,110465
New York City,2020-04-15,1.18,1.04,1.32,1.1400000000000001,1.26,New York,,118302
New York City,2020-04-16,1.26,1.1300000000000001,1.41,1.22,1.34,New York,,123146
Ocean,2020-03-13,4.0,1.58,8.290000000000001,2.83,5.57,New Jersey,34029.0,1
Ocean,2020-03-14,3.75,1.54,7.3100000000000005,2.8000000000000003,5.19,New Jersey,34029.0,1
Ocean,2020-03-15,3.98,1.7,7.3,2.98,5.32,New Jersey,34029.0,2
Ocean,2020-03-16,4.36,2.07,7.34,3.42,5.64,New Jersey,34029.0,3
Ocean,2020-03-17,4.22,2.16,6.65,3.3200000000000003,5.2,New Jersey,34029.0,4
Ocean,2020-03-18,4.11,2.27,6.12,3.42,5.03,New Jersey,34029.0,16
Ocean,2020-03-19,4.11,2.5100000000000002,5.8100000000000005,3.5100000000000002,4.88,New Jersey,34029.0,33
Ocean,2020-03-20,3.81,2.45,5.23,3.31,4.46,New Jersey,34029.0,49
Ocean,2020-03-21,3.56,2.36,4.74,3.09,4.07,New Jersey,34029.0,62
Ocean,2020-03-22,3.21,2.2,4.28,2.86,3.72,New Jersey,34029.0,102
Ocean,2020-03-23,3.34,2.43,4.26,2.96,3.71,New Jersey,34029.0,144
Ocean,2020-03-24,3.2600000000000002,2.46,4.0600000000000005,2.97,3.63,New Jersey,34029.0,180
Ocean,2020-03-25,3.17,2.48,3.89,2.91,3.49,New Jersey,34029.0,222
Ocean,2020-03-26,3.0,2.37,3.62,2.79,3.31,New Jersey,34029.0,389
Ocean,2020-03-27,2.71,2.16,3.3000000000000003,2.5100000000000002,2.98,New Jersey,34029.0,484
Ocean,2020-03-28,2.41,1.9100000000000001,2.97,2.25,2.69,New Jersey,34029.0,624
Ocean,2020-03-29,2.18,1.7,2.7,1.99,2.4,New Jersey,34029.0,759
Ocean,2020-03-30,1.96,1.48,2.44,1.8,2.2,New Jersey,34029.0,874
Ocean,2020-03-31,1.95,1.5,2.43,1.81,2.2,New Jersey,34029.0,1022
Ocean,2020-04-01,2.0,1.57,2.47,1.85,2.22,New Jersey,34029.0,1209
Ocean,2020-04-02,1.95,1.54,2.4,1.82,2.18,New Jersey,34029.0,1371
Ocean,2020-04-03,1.85,1.45,2.2800000000000002,1.69,2.0300000000000002,New Jersey,34029.0,1685
Ocean,2020-04-04,1.68,1.3,2.11,1.53,1.86,New Jersey,34029.0,2003
Ocean,2020-04-05,1.45,1.06,1.85,1.33,1.6600000000000001,New Jersey,34029.0,2177
Ocean,2020-04-06,1.3,0.92,1.71,1.18,1.51,New Jersey,34029.0,2374
Ocean,2020-04-07,1.1300000000000001,0.74,1.53,1.01,1.34,New Jersey,34029.0,2641
Ocean,2020-04-08,1.0,0.6,1.4000000000000001,0.85,1.18,New Jersey,34029.0,2856
Ocean,2020-04-09,0.91,0.51,1.32,0.79,1.1300000000000001,New Jersey,34029.0,3093
Ocean,2020-04-10,0.71,0.32,1.1500000000000001,0.56,0.9,New Jersey,34029.0,3269
Ocean,2020-04-11,0.6,0.2,1.04,0.45,0.8,New Jersey,34029.0,3403
Ocean,2020-04-12,0.59,0.18,1.04,0.44,0.8,New Jersey,34029.0,3554
Ocean,2020-04-13,0.73,0.28,1.17,0.58,0.9500000000000001,New Jersey,34029.0,3593
Ocean,2020-04-14,0.9400000000000001,0.51,1.41,0.79,1.16,New Jersey,34029.0,3833
Ocean,2020-04-15,1.1500000000000001,0.72,1.6,0.97,1.33,New Jersey,34029.0,4016
Ocean,2020-04-16,1.27,0.85,1.71,1.1400000000000001,1.5,New Jersey,34029.0,4272
Passaic,2020-03-08,,,,,,New Jersey,34031.0,1
Passaic,2020-03-09,,,,,,New Jersey,34031.0,1
Passaic,2020-03-10,,,,,,New Jersey,34031.0,1
Passaic,2020-03-11,,,,,,New Jersey,34031.0,1
Passaic,2020-03-12,,,,,,New Jersey,34031.0,1
Passaic,2020-03-13,4.0,1.58,8.290000000000001,2.83,5.57,New Jersey,34031.0,2
Passaic,2020-03-14,3.75,1.54,7.3100000000000005,2.8000000000000003,5.19,New Jersey,34031.0,2
Passaic,2020-03-15,3.98,1.7,7.3,2.98,5.32,New Jersey,34031.0,5
Passaic,2020-03-16,4.36,2.07,7.34,3.42,5.64,New Jersey,34031.0,8
Passaic,2020-03-17,4.22,2.16,6.65,3.3200000000000003,5.2,New Jersey,34031.0,10
Passaic,2020-03-18,4.11,2.27,6.12,3.42,5.03,New Jersey,34031.0,18
Passaic,2020-03-19,3.96,2.37,5.66,3.38,4.75,New Jersey,34031.0,38
Passaic,2020-03-20,3.7600000000000002,2.39,5.2,3.22,4.38,New Jersey,34031.0,49
Passaic,2020-03-21,3.71,2.5,4.91,3.29,4.29,New Jersey,34031.0,67
Passaic,2020-03-22,3.46,2.46,4.54,3.12,3.98,New Jersey,34031.0,95
Passaic,2020-03-23,3.45,2.57,4.37,3.12,3.86,New Jersey,34031.0,141
Passaic,2020-03-24,3.25,2.5,4.07,3.0,3.65,New Jersey,34031.0,216
Passaic,2020-03-25,3.06,2.4,3.79,2.82,3.39,New Jersey,34031.0,255
Passaic,2020-03-26,2.97,2.37,3.61,2.75,3.2600000000000002,New Jersey,34031.0,399
Passaic,2020-03-27,2.88,2.35,3.47,2.68,3.14,New Jersey,34031.0,484
Passaic,2020-03-28,2.73,2.24,3.2600000000000002,2.56,2.98,New Jersey,34031.0,608
Passaic,2020-03-29,2.5500000000000003,2.1,3.04,2.4,2.79,New Jersey,34031.0,831
Passaic,2020-03-30,2.31,1.8800000000000001,2.7600000000000002,2.13,2.49,New Jersey,34031.0,1091
Passaic,2020-03-31,2.22,1.82,2.66,2.09,2.44,New Jersey,34031.0,1294
Passaic,2020-04-01,2.2600000000000002,1.8800000000000001,2.68,2.13,2.46,New Jersey,34031.0,1494
Passaic,2020-04-02,2.22,1.85,2.6,2.09,2.4,New Jersey,34031.0,1750
Passaic,2020-04-03,2.2,1.85,2.56,2.05,2.34,New Jersey,34031.0,2216
Passaic,2020-04-04,2.0,1.68,2.36,1.8800000000000001,2.16,New Jersey,34031.0,2856
Passaic,2020-04-05,1.6600000000000001,1.34,2.0,1.54,1.81,New Jersey,34031.0,3227
Passaic,2020-04-06,1.3,0.99,1.6500000000000001,1.18,1.45,New Jersey,34031.0,3756
Passaic,2020-04-07,0.96,0.65,1.32,0.86,1.1400000000000001,New Jersey,34031.0,4101
Passaic,2020-04-08,0.72,0.4,1.09,0.58,0.86,New Jersey,34031.0,4372
Passaic,2020-04-09,0.67,0.33,1.04,0.54,0.8300000000000001,New Jersey,34031.0,4690
Passaic,2020-04-10,0.68,0.33,1.06,0.55,0.85,New Jersey,34031.0,5017
Passaic,2020-04-11,0.86,0.5,1.23,0.73,1.03,New Jersey,34031.0,5295
Passaic,2020-04-12,1.01,0.66,1.3900000000000001,0.88,1.18,New Jersey,34031.0,5590
Passaic,2020-04-13,1.22,0.87,1.59,1.11,1.41,New Jersey,34031.0,5950
Passaic,2020-04-14,1.32,0.97,1.67,1.2,1.49,New Jersey,34031.0,6438
Passaic,2020-04-15,1.37,1.05,1.74,1.23,1.51,New Jersey,34031.0,6750
Passaic,2020-04-16,1.3800000000000001,1.06,1.73,1.28,1.56,New Jersey,34031.0,7317
Pike,2020-03-12,,,,,,Pennsylvania,42103.0,1
Pike,2020-03-13,,,,,,Pennsylvania,42103.0,1
Pike,2020-03-14,,,,,,Pennsylvania,42103.0,1
Pike,2020-03-15,,,,,,Pennsylvania,42103.0,1
Pike,2020-03-16,,,,,,Pennsylvania,42103.0,1
Pike,2020-03-17,,,,,,Pennsylvania,42103.0,1
Pike,2020-03-18,,,,,,Pennsylvania,42103.0,2
Pike,2020-03-19,,,,,,Pennsylvania,42103.0,3
Pike,2020-03-20,,,,,,Pennsylvania,42103.0,3
Pike,2020-03-21,,,,,,Pennsylvania,42103.0,3
Pike,2020-03-22,4.0,1.58,8.290000000000001,2.83,5.57,Pennsylvania,42103.0,3
Pike,2020-03-23,3.75,1.54,7.3100000000000005,2.8000000000000003,5.19,Pennsylvania,42103.0,3
Pike,2020-03-24,4.47,1.98,7.97,3.42,5.94,Pennsylvania,42103.0,4
Pike,2020-03-25,4.13,1.93,6.8500000000000005,3.2,5.2700000000000005,Pennsylvania,42103.0,9
Pike,2020-03-26,3.79,1.86,6.07,3.04,4.8100000000000005,Pennsylvania,42103.0,15
Pike,2020-03-27,3.5,1.76,5.46,2.83,4.38,Pennsylvania,42103.0,23
Pike,2020-03-28,3.09,1.57,4.8500000000000005,2.5,3.87,Pennsylvania,42103.0,27
Pike,2020-03-29,2.82,1.41,4.42,2.23,3.48,Pennsylvania,42103.0,33
Pike,2020-03-30,2.73,1.41,4.26,2.19,3.37,Pennsylvania,42103.0,39
Pike,2020-03-31,2.64,1.33,4.0200000000000005,2.17,3.29,Pennsylvania,42103.0,48
Pike,2020-04-01,2.63,1.3800000000000001,3.94,2.16,3.22,Pennsylvania,42103.0,57
Pike,2020-04-02,2.58,1.4000000000000001,3.8200000000000003,2.13,3.13,Pennsylvania,42103.0,68
Pike,2020-04-03,2.44,1.33,3.61,2.0100000000000002,2.95,Pennsylvania,42103.0,83
Pike,2020-04-04,2.25,1.18,3.34,1.84,2.73,Pennsylvania,42103.0,97
Pike,2020-04-05,2.11,1.11,3.19,1.76,2.62,Pennsylvania,42103.0,114
Pike,2020-04-06,1.99,1.01,3.02,1.6400000000000001,2.47,Pennsylvania,42103.0,125
Pike,2020-04-07,1.94,0.99,2.95,1.61,2.42,Pennsylvania,42103.0,136
Pike,2020-04-08,1.8900000000000001,0.97,2.88,1.57,2.36,Pennsylvania,42103.0,148
Pike,2020-04-09,1.84,0.93,2.79,1.53,2.3000000000000003,Pennsylvania,42103.0,163
Pike,2020-04-10,1.75,0.86,2.68,1.43,2.18,Pennsylvania,42103.0,190
Pike,2020-04-11,1.68,0.81,2.6,1.3800000000000001,2.12,Pennsylvania,42103.0,208
Pike,2020-04-12,1.61,0.74,2.5,1.32,2.05,Pennsylvania,42103.0,212
Pike,2020-04-13,1.55,0.7000000000000001,2.44,1.26,1.98,Pennsylvania,42103.0,221
Pike,2020-04-14,1.46,0.63,2.36,1.1500000000000001,1.86,Pennsylvania,42103.0,256
Pike,2020-04-15,1.42,0.59,2.31,1.1300000000000001,1.84,Pennsylvania,42103.0,268
Pike,2020-04-16,1.3900000000000001,0.55,2.2600000000000002,1.04,1.74,Pennsylvania,42103.0,276
Putnam,2020-03-15,,,,,,New York,36079.0,2
Putnam,2020-03-16,,,,,,New York,36079.0,2
Putnam,2020-03-17,,,,,,New York,36079.0,2
Putnam,2020-03-18,4.0,1.58,8.290000000000001,2.83,5.57,New York,36079.0,2
Putnam,2020-03-19,4.47,1.94,7.91,3.37,5.88,New York,36079.0,2
Putnam,2020-03-20,4.2700000000000005,2.14,6.94,3.4,5.42,New York,36079.0,7
Putnam,2020-03-21,4.37,2.42,6.48,3.63,5.33,New York,36079.0,22
Putnam,2020-03-22,3.73,2.16,5.46,3.09,4.46,New York,36079.0,37
Putnam,2020-03-23,3.31,1.93,4.76,2.82,4.0,New York,36079.0,45
Putnam,2020-03-24,2.93,1.73,4.24,2.48,3.52,New York,36079.0,67
Putnam,2020-03-25,2.66,1.57,3.86,2.27,3.22,New York,36079.0,84
Putnam,2020-03-26,2.4,1.35,3.47,2.0300000000000002,2.91,New York,36079.0,94
Putnam,2020-03-27,2.21,1.24,3.25,1.85,2.68,New York,36079.0,111
Putnam,2020-03-28,2.11,1.18,3.11,1.79,2.59,New York,36079.0,131
Putnam,2020-03-29,2.02,1.12,2.98,1.71,2.48,New York,36079.0,144
Putnam,2020-03-30,1.99,1.11,2.91,1.6500000000000001,2.39,New York,36079.0,167
Putnam,2020-03-31,1.82,0.99,2.74,1.52,2.24,New York,36079.0,186
Putnam,2020-04-01,1.81,0.99,2.7,1.49,2.19,New York,36079.0,207
Putnam,2020-04-02,1.79,0.99,2.66,1.51,2.2,New York,36079.0,236
Putnam,2020-04-03,1.76,0.98,2.61,1.48,2.15,New York,36079.0,236
Putnam,2020-04-04,1.73,0.97,2.56,1.43,2.08,New York,36079.0,283
Putnam,2020-04-05,1.7,0.96,2.5100000000000002,1.44,2.08,New York,36079.0,314
Putnam,2020-04-06,1.6400000000000001,0.89,2.4,1.35,1.97,New York,36079.0,345
Putnam,2020-04-07,1.6400000000000001,0.92,2.4,1.3800000000000001,1.99,New York,36079.0,366
Putnam,2020-04-08,1.53,0.81,2.2600000000000002,1.28,1.8800000000000001,New York,36079.0,403
Putnam,2020-04-09,1.41,0.72,2.16,1.1500000000000001,1.74,New York,36079.0,438
Putnam,2020-04-10,1.25,0.55,1.98,1.0,1.59,New York,36079.0,487
Putnam,2020-04-11,1.1400000000000001,0.45,1.8900000000000001,0.88,1.47,New York,36079.0,494
Putnam,2020-04-12,1.05,0.34,1.78,0.8,1.4000000000000001,New York,36079.0,497
Putnam,2020-04-13,1.01,0.29,1.74,0.77,1.3800000000000001,New York,36079.0,502
Putnam,2020-04-14,0.98,0.25,1.71,0.74,1.36,New York,36079.0,558
Putnam,2020-04-15,0.98,0.26,1.74,0.68,1.3,New York,36079.0,571
Putnam,2020-04-16,0.9500000000000001,0.22,1.7,0.68,1.31,New York,36079.0,573
Rockland,2020-03-06,,,,,,New York,36087.0,2
Rockland,2020-03-07,4.0,1.58,8.290000000000001,2.83,5.57,New York,36087.0,2
Rockland,2020-03-08,3.75,1.54,7.3100000000000005,2.8000000000000003,5.19,New York,36087.0,2
Rockland,2020-03-09,3.56,1.49,6.71,2.65,4.82,New York,36087.0,4
Rockland,2020-03-10,3.41,1.42,6.2700000000000005,2.5300000000000002,4.55,New York,36087.0,6
Rockland,2020-03-11,3.29,1.42,6.01,2.45,4.36,New York,36087.0,6
Rockland,2020-03-12,3.18,1.36,5.74,2.44,4.2700000000000005,New York,36087.0,7
Rockland,2020-03-13,3.36,1.51,5.9,2.5300000000000002,4.36,New York,36087.0,9
Rockland,2020-03-14,3.17,1.3900000000000001,5.46,2.44,4.14,New York,36087.0,12
Rockland,2020-03-15,3.23,1.42,5.36,2.54,4.19,New York,36087.0,13
Rockland,2020-03-16,3.41,1.67,5.47,2.75,4.34,New York,36087.0,16
Rockland,2020-03-17,3.93,2.21,5.8,3.23,4.72,New York,36087.0,22
Rockland,2020-03-18,5.19,3.69,6.74,4.66,5.92,New York,36087.0,30
Rockland,2020-03-19,5.57,4.43,6.68,5.17,6.1000000000000005,New York,36087.0,53
Rockland,2020-03-20,4.98,4.15,5.8500000000000005,4.68,5.38,New York,36087.0,101
Rockland,2020-03-21,4.12,3.45,4.82,3.85,4.41,New York,36087.0,262
Rockland,2020-03-22,3.72,3.15,4.3,3.54,4.0200000000000005,New York,36087.0,455
Rockland,2020-03-23,3.11,2.63,3.65,2.94,3.36,New York,36087.0,592
Rockland,2020-03-24,2.72,2.2800000000000002,3.21,2.5500000000000003,2.93,New York,36087.0,671
Rockland,2020-03-25,2.5100000000000002,2.1,2.97,2.37,2.73,New York,36087.0,1069
Rockland,2020-03-26,2.31,1.92,2.74,2.18,2.52,New York,36087.0,1197
Rockland,2020-03-27,2.14,1.77,2.5500000000000003,2.0,2.32,New York,36087.0,1457
Rockland,2020-03-28,1.99,1.62,2.37,1.86,2.17,New York,36087.0,1896
Rockland,2020-03-29,1.78,1.42,2.15,1.6400000000000001,1.94,New York,36087.0,2209
Rockland,2020-03-30,1.71,1.37,2.09,1.6,1.9000000000000001,New York,36087.0,2511
Rockland,2020-03-31,1.6500000000000001,1.31,2.0100000000000002,1.53,1.82,New York,36087.0,2863
Rockland,2020-04-01,1.6300000000000001,1.29,1.97,1.5,1.78,New York,36087.0,3321
Rockland,2020-04-02,1.6300000000000001,1.32,1.99,1.53,1.81,New York,36087.0,3751
Rockland,2020-04-03,1.51,1.19,1.84,1.4000000000000001,1.67,New York,36087.0,4289
Rockland,2020-04-04,1.28,0.96,1.6,1.18,1.45,New York,36087.0,4872
Rockland,2020-04-05,1.04,0.73,1.3800000000000001,0.9400000000000001,1.21,New York,36087.0,5362
Rockland,2020-04-06,0.79,0.48,1.1400000000000001,0.67,0.9400000000000001,New York,36087.0,5703
Rockland,2020-04-07,0.68,0.36,1.04,0.5700000000000001,0.85,New York,36087.0,5990
Rockland,2020-04-08,0.66,0.32,1.01,0.55,0.84,New York,36087.0,6413
Rockland,2020-04-09,0.7000000000000001,0.37,1.08,0.5700000000000001,0.86,New York,36087.0,6665
Rockland,2020-04-10,0.74,0.38,1.09,0.64,0.9400000000000001,New York,36087.0,7122
Rockland,2020-04-11,0.77,0.42,1.1400000000000001,0.66,0.96,New York,36087.0,7477
Rockland,2020-04-12,0.65,0.3,1.03,0.52,0.8200000000000001,New York,36087.0,7721
Rockland,2020-04-13,0.63,0.27,1.01,0.52,0.8300000000000001,New York,36087.0,7965
Rockland,2020-04-14,0.58,0.21,0.96,0.44,0.75,New York,36087.0,8335
Rockland,2020-04-15,0.62,0.24,1.01,0.49,0.81,New York,36087.0,8474
Rockland,2020-04-16,0.6900000000000001,0.3,1.08,0.53,0.85,New York,36087.0,8752
Somerset,2020-03-16,4.0,1.58,8.290000000000001,2.83,5.57,New Jersey,34035.0,4
Somerset,2020-03-17,3.18,1.41,5.69,2.4,4.19,New Jersey,34035.0,6
Somerset,2020-03-18,3.0100000000000002,1.42,5.13,2.38,3.94,New Jersey,34035.0,15
Somerset,2020-03-19,2.85,1.4000000000000001,4.71,2.2,3.58,New Jersey,34035.0,20
Somerset,2020-03-20,2.71,1.31,4.3100000000000005,2.09,3.34,New Jersey,34035.0,27
Somerset,2020-03-21,2.91,1.57,4.42,2.41,3.6,New Jersey,34035.0,34
Somerset,2020-03-22,2.84,1.62,4.21,2.34,3.41,New Jersey,34035.0,51
Somerset,2020-03-23,2.95,1.8,4.16,2.5500000000000003,3.5300000000000002,New Jersey,34035.0,67
Somerset,2020-03-24,2.91,1.8900000000000001,4.01,2.48,3.35,New Jersey,34035.0,102
Somerset,2020-03-25,2.79,1.85,3.75,2.48,3.27,New Jersey,34035.0,117
Somerset,2020-03-26,2.57,1.73,3.46,2.24,2.95,New Jersey,34035.0,179
Somerset,2020-03-27,2.39,1.62,3.22,2.11,2.77,New Jersey,34035.0,222
Somerset,2020-03-28,2.21,1.49,2.99,1.96,2.58,New Jersey,34035.0,258
Somerset,2020-03-29,2.1,1.4000000000000001,2.82,1.87,2.46,New Jersey,34035.0,295
Somerset,2020-03-30,2.0,1.35,2.71,1.76,2.32,New Jersey,34035.0,349
Somerset,2020-03-31,1.98,1.34,2.64,1.76,2.3000000000000003,New Jersey,34035.0,413
Somerset,2020-04-01,2.02,1.43,2.68,1.78,2.29,New Jersey,34035.0,472
Somerset,2020-04-02,1.98,1.4000000000000001,2.59,1.77,2.2600000000000002,New Jersey,34035.0,549
Somerset,2020-04-03,1.86,1.3,2.44,1.6600000000000001,2.13,New Jersey,34035.0,641
Somerset,2020-04-04,1.78,1.26,2.37,1.61,2.07,New Jersey,34035.0,765
Somerset,2020-04-05,1.73,1.22,2.3000000000000003,1.52,1.96,New Jersey,34035.0,833
Somerset,2020-04-06,1.7,1.21,2.2600000000000002,1.51,1.94,New Jersey,34035.0,902
Somerset,2020-04-07,1.75,1.27,2.29,1.58,2.0,New Jersey,34035.0,1033
Somerset,2020-04-08,1.73,1.24,2.22,1.58,1.99,New Jersey,34035.0,1189
Somerset,2020-04-09,1.6500000000000001,1.2,2.16,1.51,1.9100000000000001,New Jersey,34035.0,1335
Somerset,2020-04-10,1.46,1.01,1.95,1.31,1.7,New Jersey,34035.0,1523
Somerset,2020-04-11,1.22,0.78,1.72,1.07,1.46,New Jersey,34035.0,1642
Somerset,2020-04-12,1.0,0.52,1.46,0.84,1.23,New Jersey,34035.0,1732
Somerset,2020-04-13,0.88,0.4,1.36,0.72,1.12,New Jersey,34035.0,1809
Somerset,2020-04-14,0.81,0.33,1.31,0.65,1.06,New Jersey,34035.0,1911
Somerset,2020-04-15,0.84,0.34,1.34,0.63,1.04,New Jersey,34035.0,2001
Somerset,2020-04-16,0.88,0.4,1.42,0.71,1.1300000000000001,New Jersey,34035.0,2103
Suffolk,2020-03-08,4.0,1.58,8.290000000000001,2.83,5.57,New York,36103.0,1
Suffolk,2020-03-09,4.89,2.13,8.98,3.7,6.59,New York,36103.0,1
Suffolk,2020-03-10,4.3500000000000005,2.0300000000000002,7.28,3.34,5.55,New York,36103.0,1
Suffolk,2020-03-11,4.21,2.16,6.640000000000001,3.37,5.25,New York,36103.0,6
Suffolk,2020-03-12,3.9,2.09,5.89,3.2,4.79,New York,36103.0,21
Suffolk,2020-03-13,3.43,1.87,5.13,2.84,4.2,New York,36103.0,29
Suffolk,2020-03-14,3.22,1.81,4.73,2.64,3.85,New York,36103.0,41
Suffolk,2020-03-15,3.11,1.83,4.48,2.64,3.74,New York,36103.0,47
Suffolk,2020-03-16,3.12,1.95,4.36,2.71,3.71,New York,36103.0,63
Suffolk,2020-03-17,3.81,2.75,4.88,3.44,4.32,New York,36103.0,84
Suffolk,2020-03-18,4.46,3.61,5.3500000000000005,4.17,4.89,New York,36103.0,116
Suffolk,2020-03-19,4.65,3.98,5.3500000000000005,4.38,4.94,New York,36103.0,178
Suffolk,2020-03-20,4.4,3.87,4.96,4.21,4.66,New York,36103.0,371
Suffolk,2020-03-21,3.9,3.47,4.38,3.7600000000000002,4.14,New York,36103.0,662
Suffolk,2020-03-22,3.31,2.91,3.7,3.18,3.5100000000000002,New York,36103.0,1034
Suffolk,2020-03-23,2.7800000000000002,2.44,3.17,2.66,2.96,New York,36103.0,1458
Suffolk,2020-03-24,2.39,2.06,2.75,2.25,2.5300000000000002,New York,36103.0,1880
Suffolk,2020-03-25,2.15,1.84,2.5,2.0300000000000002,2.3000000000000003,New York,36103.0,2260
Suffolk,2020-03-26,2.09,1.77,2.4,1.97,2.23,New York,36103.0,2735
Suffolk,2020-03-27,2.0300000000000002,1.74,2.35,1.92,2.17,New York,36103.0,3385
Suffolk,2020-03-28,1.97,1.69,2.27,1.87,2.11,New York,36103.0,4138
Suffolk,2020-03-29,1.84,1.57,2.13,1.74,1.97,New York,36103.0,5023
Suffolk,2020-03-30,1.72,1.45,1.99,1.6400000000000001,1.87,New York,36103.0,5791
Suffolk,2020-03-31,1.68,1.43,1.96,1.59,1.81,New York,36103.0,6713
Suffolk,2020-04-01,1.8800000000000001,1.6300000000000001,2.14,1.79,2.0,New York,36103.0,7605
Suffolk,2020-04-02,1.74,1.51,2.0,1.6500000000000001,1.85,New York,36103.0,8746
Suffolk,2020-04-03,1.7,1.47,1.94,1.6300000000000001,1.83,New York,36103.0,10154
Suffolk,2020-04-04,1.43,1.2,1.6600000000000001,1.35,1.54,New York,36103.0,12328
Suffolk,2020-04-05,0.98,0.77,1.24,0.89,1.08,New York,36103.0,12933
Suffolk,2020-04-06,0.76,0.54,1.02,0.6900000000000001,0.89,New York,36103.0,14473
Suffolk,2020-04-07,0.65,0.41000000000000003,0.9,0.55,0.75,New York,36103.0,15561
Suffolk,2020-04-08,0.67,0.43,0.93,0.6,0.81,New York,36103.0,15844
Suffolk,2020-04-09,0.98,0.74,1.24,0.91,1.12,New York,36103.0,17413
Suffolk,2020-04-10,0.9500000000000001,0.72,1.22,0.88,1.09,New York,36103.0,18692
Suffolk,2020-04-11,0.89,0.65,1.1500000000000001,0.8200000000000001,1.03,New York,36103.0,19883
Suffolk,2020-04-12,0.81,0.56,1.06,0.73,0.9400000000000001,New York,36103.0,20816
Suffolk,2020-04-13,0.56,0.32,0.84,0.46,0.67,New York,36103.0,21643
Suffolk,2020-04-14,0.5700000000000001,0.32,0.85,0.49,0.71,New York,36103.0,22462
Suffolk,2020-04-15,0.67,0.41000000000000003,0.9500000000000001,0.56,0.78,New York,36103.0,23278
Suffolk,2020-04-16,0.8200000000000001,0.55,1.09,0.74,0.97,New York,36103.0,24182
Sussex,2020-03-19,4.0,1.58,8.290000000000001,2.83,5.57,New Jersey,34037.0,2
Sussex,2020-03-20,3.4,1.5,6.3100000000000005,2.6,4.61,New Jersey,34037.0,3
Sussex,2020-03-21,3.09,1.3900000000000001,5.51,2.33,4.05,New Jersey,34037.0,6
Sussex,2020-03-22,3.08,1.42,5.2700000000000005,2.35,3.96,New Jersey,34037.0,12
Sussex,2020-03-23,3.2,1.55,5.19,2.58,4.11,New Jersey,34037.0,15
Sussex,2020-03-24,3.17,1.6500000000000001,4.98,2.57,3.96,New Jersey,34037.0,18
Sussex,2020-03-25,3.18,1.77,4.8100000000000005,2.6,3.86,New Jersey,34037.0,27
Sussex,2020-03-26,2.98,1.7,4.42,2.5,3.63,New Jersey,34037.0,49
Sussex,2020-03-27,2.79,1.62,4.09,2.34,3.36,New Jersey,34037.0,65
Sussex,2020-03-28,2.56,1.46,3.72,2.18,3.12,New Jersey,34037.0,81
Sussex,2020-03-29,2.38,1.35,3.46,1.99,2.86,New Jersey,34037.0,93
Sussex,2020-03-30,2.24,1.29,3.29,1.85,2.67,New Jersey,34037.0,113
Sussex,2020-03-31,2.21,1.28,3.18,1.84,2.62,New Jersey,34037.0,132
Sussex,2020-04-01,2.13,1.24,3.0500000000000003,1.82,2.57,New Jersey,34037.0,158
Sussex,2020-04-02,2.05,1.19,2.92,1.71,2.42,New Jersey,34037.0,179
Sussex,2020-04-03,1.94,1.1400000000000001,2.81,1.6600000000000001,2.35,New Jersey,34037.0,210
Sussex,2020-04-04,1.8800000000000001,1.09,2.7,1.56,2.22,New Jersey,34037.0,236
Sussex,2020-04-05,1.79,1.01,2.57,1.48,2.12,New Jersey,34037.0,267
Sussex,2020-04-06,1.71,0.9500000000000001,2.47,1.46,2.09,New Jersey,34037.0,292
Sussex,2020-04-07,1.62,0.88,2.37,1.3800000000000001,2.0,New Jersey,34037.0,331
Sussex,2020-04-08,1.57,0.86,2.33,1.27,1.87,New Jersey,34037.0,357
Sussex,2020-04-09,1.5,0.8,2.25,1.26,1.86,New Jersey,34037.0,392
Sussex,2020-04-10,1.43,0.73,2.16,1.18,1.77,New Jersey,34037.0,413
Sussex,2020-04-11,1.36,0.65,2.07,1.12,1.71,New Jersey,34037.0,456
Sussex,2020-04-12,1.29,0.6,2.02,1.01,1.59,New Jersey,34037.0,483
Sussex,2020-04-13,1.2,0.52,1.94,0.92,1.5,New Jersey,34037.0,508
Sussex,2020-04-14,1.1500000000000001,0.45,1.87,0.92,1.51,New Jersey,34037.0,535
Sussex,2020-04-15,1.08,0.39,1.82,0.8300000000000001,1.42,New Jersey,34037.0,551
Sussex,2020-04-16,1.05,0.36,1.8,0.81,1.41,New Jersey,34037.0,578
Union,2020-03-09,,,,,,New Jersey,34039.0,1
Union,2020-03-10,,,,,,New Jersey,34039.0,1
Union,2020-03-11,,,,,,New Jersey,34039.0,1
Union,2020-03-12,,,,,,New Jersey,34039.0,1
Union,2020-03-13,4.0,1.58,8.290000000000001,2.83,5.57,New Jersey,34039.0,1
Union,2020-03-14,4.25,1.81,8.120000000000001,3.18,5.8100000000000005,New Jersey,34039.0,1
Union,2020-03-15,4.64,2.16,7.87,3.62,6.03,New Jersey,34039.0,4
Union,2020-03-16,4.08,2.0300000000000002,6.6000000000000005,3.23,5.15,New Jersey,34039.0,8
Union,2020-03-17,3.68,1.9000000000000001,5.8,2.94,4.57,New Jersey,34039.0,22
Union,2020-03-18,3.72,2.07,5.59,3.1,4.57,New Jersey,34039.0,26
Union,2020-03-19,3.8200000000000003,2.2800000000000002,5.39,3.23,4.5200000000000005,New Jersey,34039.0,29
Union,2020-03-20,4.0200000000000005,2.71,5.39,3.56,4.67,New Jersey,34039.0,43
Union,2020-03-21,3.79,2.69,4.94,3.4,4.33,New Jersey,34039.0,81
Union,2020-03-22,3.42,2.49,4.42,3.04,3.83,New Jersey,34039.0,124
Union,2020-03-23,3.29,2.47,4.15,2.98,3.67,New Jersey,34039.0,189
Union,2020-03-24,3.02,2.3000000000000003,3.79,2.73,3.34,New Jersey,34039.0,246
Union,2020-03-25,3.0100000000000002,2.36,3.69,2.7800000000000002,3.33,New Jersey,34039.0,262
Union,2020-03-26,2.91,2.31,3.5,2.69,3.18,New Jersey,34039.0,432
Union,2020-03-27,2.91,2.4,3.48,2.7,3.14,New Jersey,34039.0,519
Union,2020-03-28,2.74,2.27,3.25,2.5500000000000003,2.95,New Jersey,34039.0,742
Union,2020-03-29,2.5500000000000003,2.1,3.0,2.38,2.75,New Jersey,34039.0,896
Union,2020-03-30,2.31,1.9100000000000001,2.7600000000000002,2.17,2.52,New Jersey,34039.0,1213
Union,2020-03-31,2.23,1.84,2.65,2.07,2.4,New Jersey,34039.0,1418
Union,2020-04-01,2.12,1.75,2.52,2.0,2.32,New Jersey,34039.0,1661
Union,2020-04-02,2.0,1.6500000000000001,2.39,1.8900000000000001,2.2,New Jersey,34039.0,2010
Union,2020-04-03,1.86,1.51,2.22,1.76,2.06,New Jersey,34039.0,2487
Union,2020-04-04,1.82,1.49,2.18,1.72,2.0100000000000002,New Jersey,34039.0,2916
Union,2020-04-05,1.71,1.3900000000000001,2.06,1.6,1.8800000000000001,New Jersey,34039.0,3216
Union,2020-04-06,1.56,1.25,1.9100000000000001,1.45,1.72,New Jersey,34039.0,3685
Union,2020-04-07,1.37,1.06,1.71,1.27,1.54,New Jersey,34039.0,4358
Union,2020-04-08,1.1500000000000001,0.84,1.49,1.04,1.31,New Jersey,34039.0,4831
Union,2020-04-09,0.93,0.62,1.28,0.81,1.08,New Jersey,34039.0,5203
Union,2020-04-10,0.75,0.43,1.1,0.65,0.93,New Jersey,34039.0,5575
Union,2020-04-11,0.78,0.44,1.12,0.65,0.93,New Jersey,34039.0,5865
Union,2020-04-12,0.85,0.52,1.21,0.75,1.04,New Jersey,34039.0,6180
Union,2020-04-13,1.01,0.68,1.37,0.91,1.2,New Jersey,34039.0,6636
Union,2020-04-14,1.06,0.74,1.43,0.93,1.21,New Jersey,34039.0,7265
Union,2020-04-15,1.07,0.74,1.42,0.9500000000000001,1.23,New Jersey,34039.0,7438
Union,2020-04-16,1.02,0.7000000000000001,1.3800000000000001,0.91,1.19,New Jersey,34039.0,7904
Westchester,2020-03-04,4.0,1.58,8.290000000000001,2.83,5.57,New York,36119.0,9
Westchester,2020-03-05,2.69,1.31,4.49,2.08,3.41,New York,36119.0,17
Westchester,2020-03-06,2.34,1.2,3.77,1.86,2.93,New York,36119.0,33
Westchester,2020-03-07,2.06,1.02,3.25,1.6600000000000001,2.59,New York,36119.0,69
Westchester,2020-03-08,1.83,0.9,2.93,1.45,2.29,New York,36119.0,81
Westchester,2020-03-09,1.73,0.8200000000000001,2.74,1.41,2.21,New York,36119.0,97
Westchester,2020-03-10,1.6,0.72,2.56,1.26,2.02,New York,36119.0,107
Westchester,2020-03-11,1.54,0.6900000000000001,2.49,1.2,1.94,New York,36119.0,120
Westchester,2020-03-12,1.53,0.6900000000000001,2.46,1.22,1.95,New York,36119.0,147
Westchester,2020-03-13,1.51,0.68,2.42,1.22,1.94,New York,36119.0,157
Westchester,2020-03-14,1.8900000000000001,1.04,2.75,1.6,2.31,New York,36119.0,178
Westchester,2020-03-15,2.41,1.6300000000000001,3.25,2.14,2.81,New York,36119.0,195
Westchester,2020-03-16,3.04,2.34,3.79,2.8000000000000003,3.4,New York,36119.0,219
Westchester,2020-03-17,3.44,2.84,4.08,3.22,3.73,New York,36119.0,379
Westchester,2020-03-18,3.39,2.88,3.94,3.22,3.66,New York,36119.0,537
Westchester,2020-03-19,3.25,2.81,3.73,3.1,3.48,New York,36119.0,797
Westchester,2020-03-20,3.33,2.94,3.75,3.17,3.5,New York,36119.0,1091
Westchester,2020-03-21,3.27,2.93,3.64,3.13,3.42,New York,36119.0,1387
Westchester,2020-03-22,3.0700000000000003,2.77,3.41,2.95,3.21,New York,36119.0,1873
Westchester,2020-03-23,2.85,2.57,3.15,2.75,2.99,New York,36119.0,2894
Westchester,2020-03-24,2.5300000000000002,2.27,2.81,2.42,2.64,New York,36119.0,3891
Westchester,2020-03-25,2.07,1.83,2.35,1.97,2.18,New York,36119.0,4691
Westchester,2020-03-26,1.6,1.36,1.87,1.51,1.72,New York,36119.0,5944
Westchester,2020-03-27,1.16,0.92,1.43,1.07,1.28,New York,36119.0,7187
Westchester,2020-03-28,0.8200000000000001,0.5700000000000001,1.09,0.75,0.97,New York,36119.0,7875
Westchester,2020-03-29,0.64,0.39,0.93,0.54,0.76,New York,36119.0,8519
Westchester,2020-03-30,0.58,0.31,0.86,0.49,0.72,New York,36119.0,9326
Westchester,2020-03-31,0.67,0.39,0.9500000000000001,0.56,0.79,New York,36119.0,9967
Westchester,2020-04-01,0.89,0.62,1.19,0.81,1.05,New York,36119.0,10683
Westchester,2020-04-02,0.97,0.6900000000000001,1.25,0.86,1.09,New York,36119.0,11566
Westchester,2020-04-03,0.91,0.63,1.19,0.8,1.03,New York,36119.0,12350
Westchester,2020-04-04,0.81,0.54,1.11,0.72,0.96,New York,36119.0,13080
Westchester,2020-04-05,0.84,0.56,1.1300000000000001,0.75,0.99,New York,36119.0,13722
Westchester,2020-04-06,0.99,0.7000000000000001,1.27,0.9,1.1400000000000001,New York,36119.0,14293
Westchester,2020-04-07,1.28,1.02,1.59,1.2,1.44,New York,36119.0,14804
Westchester,2020-04-08,1.42,1.16,1.71,1.34,1.57,New York,36119.0,15887
Westchester,2020-04-09,1.36,1.1,1.6400000000000001,1.26,1.48,New York,36119.0,17004
Westchester,2020-04-10,1.08,0.8200000000000001,1.35,0.99,1.21,New York,36119.0,18077
Westchester,2020-04-11,0.71,0.45,0.99,0.64,0.87,New York,36119.0,18729
Westchester,2020-04-12,0.42,0.16,0.72,0.31,0.54,New York,36119.0,19313
Westchester,2020-04-13,0.41000000000000003,0.14,0.72,0.3,0.54,New York,36119.0,19785
Westchester,2020-04-14,0.6,0.31,0.92,0.49,0.74,New York,36119.0,20191
Westchester,2020-04-15,0.9400000000000001,0.65,1.25,0.84,1.09,New York,36119.0,20947
Westchester,2020-04-16,1.2,0.92,1.51,1.07,1.31,New York,36119.0,21828
